Trade_Date,Titan_Close
,TITAN.NS
2014-01-01,218.26922607421875
2014-01-02,214.06085205078125
2014-01-03,215.05381774902344
2014-01-06,215.43209838867188
2014-01-07,213.77711486816406
2014-01-08,210.65628051757812
2014-01-09,211.696533203125
2014-01-10,208.29200744628906
2014-01-13,209.0959014892578
2014-01-14,209.0012969970703
2014-01-15,206.21145629882812
2014-01-16,206.3533172607422
2014-01-17,205.26571655273438
2014-01-20,204.74557495117188
2014-01-21,205.9750213623047
2014-01-22,205.5494842529297
2014-01-23,213.11509704589844
2014-01-24,206.82615661621094
2014-01-27,204.13092041015625
2014-01-28,205.21847534179688
2014-01-29,202.9960174560547
2014-01-30,210.70355224609375
2014-01-31,209.5214385986328
2014-02-03,208.00830078125
2014-02-04,209.7105712890625
2014-02-05,208.90670776367188
2014-02-06,213.3042449951172
2014-02-07,213.4461212158203
2014-02-10,218.41107177734375
2014-02-11,219.6877899169922
2014-02-12,217.79635620117188
2014-02-13,216.89797973632812
2014-02-14,218.9784698486328
2014-02-17,216.51966857910156
2014-02-18,216.23593139648438
2014-02-19,219.9714813232422
2014-02-20,221.43731689453125
2014-02-21,221.34278869628906
2014-02-24,222.90318298339844
2014-02-25,229.99598693847656
2014-02-26,232.26568603515625
2014-02-28,229.33399963378906
2014-03-03,235.71751403808594
2014-03-04,240.96620178222656
2014-03-05,232.31295776367188
2014-03-06,233.40054321289062
2014-03-07,241.1553192138672
2014-03-10,236.9469451904297
2014-03-11,235.24464416503906
2014-03-12,238.5546417236328
2014-03-13,237.98719787597656
2014-03-14,239.40577697753906
2014-03-18,241.486328125
2014-03-19,241.01348876953125
2014-03-20,239.6422119140625
2014-03-21,241.1553192138672
2014-03-24,239.16932678222656
2014-03-25,241.5336151123047
2014-03-26,235.24464416503906
2014-03-27,240.02047729492188
2014-03-28,239.40577697753906
2014-03-31,248.437255859375
2014-04-01,250.75428771972656
2014-04-02,250.94346618652344
2014-04-03,253.44955444335938
2014-04-04,255.15182495117188
2014-04-07,248.48455810546875
2014-04-09,249.90310668945312
2014-04-10,248.67373657226562
2014-04-11,248.48455810546875
2014-04-15,243.425048828125
2014-04-16,241.7700653076172
2014-04-17,243.23593139648438
2014-04-21,245.36375427246094
2014-04-22,247.0659637451172
2014-04-23,241.1553192138672
2014-04-24,241.1553192138672
2014-04-25,244.1815948486328
2014-04-28,244.27618408203125
2014-04-29,245.88388061523438
2014-04-30,241.01348876953125
2014-05-02,244.03973388671875
2014-05-05,247.86988830566406
2014-05-06,256.475830078125
2014-05-07,257.65789794921875
2014-05-08,262.3865051269531
2014-05-09,262.43377685546875
2014-05-12,269.5738830566406
2014-05-13,280.0238952636719
2014-05-14,288.1570129394531
2014-05-15,300.16748046875
2014-05-16,290.33209228515625
2014-05-19,290.6158447265625
2014-05-20,297.046630859375
2014-05-21,293.5948181152344
2014-05-22,313.4073486328125
2014-05-23,307.685791015625
2014-05-26,303.8084411621094
2014-05-27,301.6805725097656
2014-05-28,297.99237060546875
2014-05-29,296.8102111816406
2014-05-30,293.1692199707031
2014-06-02,298.03961181640625
2014-06-03,302.8627624511719
2014-06-04,302.8153991699219
2014-06-05,305.79443359375
2014-06-06,309.482666015625
2014-06-09,308.8679504394531
2014-06-10,322.86444091796875
2014-06-11,311.0430908203125
2014-06-12,310.8066101074219
2014-06-13,302.53173828125
2014-06-16,305.0851135253906
2014-06-17,304.9432678222656
2014-06-18,297.28302001953125
2014-06-19,303.0519104003906
2014-06-20,315.7243957519531
2014-06-23,308.34783935546875
2014-06-24,319.41259765625
2014-06-25,324.0938415527344
2014-06-26,327.9712829589844
2014-06-27,333.97650146484375
2014-06-30,333.8818664550781
2014-07-01,336.48260498046875
2014-07-02,339.98175048828125
2014-07-03,341.211181640625
2014-07-04,337.8066101074219
2014-07-07,337.99578857421875
2014-07-08,322.9589538574219
2014-07-09,329.0588073730469
2014-07-10,309.4353942871094
2014-07-11,312.4616394042969
2014-07-14,304.5177307128906
2014-07-15,311.9903259277344
2014-07-16,312.13299560546875
2014-07-17,318.4156494140625
2014-07-18,314.08447265625
2014-07-21,315.0364685058594
2014-07-22,321.5094299316406
2014-07-23,324.26995849609375
2014-07-24,319.93878173828125
2014-07-25,316.17864990234375
2014-07-28,318.4156494140625
2014-07-30,326.1737976074219
2014-07-31,324.65069580078125
2014-08-01,310.9431457519531
2014-08-04,325.74542236328125
2014-08-05,327.79205322265625
2014-08-06,327.69683837890625
2014-08-07,330.6002197265625
2014-08-08,325.5074462890625
2014-08-11,325.31707763671875
2014-08-12,332.31365966796875
2014-08-13,327.030517578125
2014-08-14,334.0746765136719
2014-08-18,333.5035400390625
2014-08-19,331.64727783203125
2014-08-20,329.74346923828125
2014-08-21,349.3053894042969
2014-08-22,345.78326416015625
2014-08-25,344.3077392578125
2014-08-26,344.26025390625
2014-08-27,346.116455078125
2014-08-28,345.9260559082031
2014-09-01,354.017333984375
2014-09-02,366.820556640625
2014-09-03,365.0119323730469
2014-09-04,369.2479248046875
2014-09-05,369.0099792480469
2014-09-08,367.2489318847656
2014-09-09,377.9579772949219
2014-09-10,366.5826416015625
2014-09-11,363.5840759277344
2014-09-12,369.34320068359375
2014-09-15,363.5840759277344
2014-09-16,358.25335693359375
2014-09-17,352.4466552734375
2014-09-18,368.96240234375
2014-09-19,369.8667297363281
2014-09-22,377.8628234863281
2014-09-23,372.05615234375
2014-09-24,374.2454833984375
2014-09-25,370.2950744628906
2014-09-26,370.4854736328125
2014-09-29,378.8147277832031
2014-09-30,388.3338623046875
2014-10-01,385.3829040527344
2014-10-07,378.14837646484375
2014-10-08,383.09832763671875
2014-10-09,381.86083984375
2014-10-10,378.7671203613281
2014-10-13,375.6258239746094
2014-10-14,369.67633056640625
2014-10-15,369.67633056640625
2014-10-16,351.30438232421875
2014-10-17,362.2037658691406
2014-10-20,364.3932189941406
2014-10-21,371.1993713378906
2014-10-22,375.911376953125
2014-10-27,381.52764892578125
2014-10-28,386.2396545410156
2014-10-29,391.9035949707031
2014-10-30,399.2333068847656
2014-10-31,374.5786437988281
2014-11-03,364.2503662109375
2014-11-05,357.15863037109375
2014-11-07,360.6331481933594
2014-11-10,360.72833251953125
2014-11-11,355.016845703125
2014-11-12,360.2523193359375
2014-11-13,358.3961486816406
2014-11-14,356.63507080078125
2014-11-17,359.4432678222656
2014-11-18,355.4927673339844
2014-11-19,348.7817687988281
2014-11-20,344.4029541015625
2014-11-21,349.6861572265625
2014-11-24,353.82696533203125
2014-11-25,352.4942321777344
2014-11-26,352.875
2014-11-27,346.78277587890625
2014-11-28,353.017822265625
2014-12-01,371.4373474121094
2014-12-02,369.6286926269531
2014-12-03,367.86767578125
2014-12-04,367.0586242675781
2014-12-05,368.3912353515625
2014-12-08,362.822509765625
2014-12-09,353.1130065917969
2014-12-10,367.0586242675781
2014-12-11,366.820556640625
2014-12-12,355.9211730957031
2014-12-15,348.924560546875
2014-12-16,342.6894836425781
2014-12-17,337.92999267578125
2014-12-18,359.11004638671875
2014-12-19,358.4913330078125
2014-12-22,363.5840759277344
2014-12-23,356.8255310058594
2014-12-24,351.018798828125
2014-12-26,349.5909118652344
2014-12-29,355.9687805175781
2014-12-30,358.9672546386719
2014-12-31,363.29852294921875
2015-01-01,361.537353515625
2015-01-02,364.3932189941406
2015-01-05,367.3441467285156
2015-01-06,354.77886962890625
2015-01-07,356.5874938964844
2015-01-08,354.9692077636719
2015-01-09,354.9692077636719
2015-01-12,358.68170166015625
2015-01-13,354.3028869628906
2015-01-14,353.7317810058594
2015-01-15,357.824951171875
2015-01-16,368.5816345214844
2015-01-19,375.5306396484375
2015-01-20,374.6739196777344
2015-01-21,387.3819274902344
2015-01-22,380.5281677246094
2015-01-23,379.67144775390625
2015-01-27,381.3848571777344
2015-01-28,412.4173889160156
2015-01-29,420.55615234375
2015-01-30,409.8947448730469
2015-02-02,412.3697204589844
2015-02-03,411.51300048828125
2015-02-04,409.3711853027344
2015-02-05,397.710205078125
2015-02-06,396.66314697265625
2015-02-09,392.4270935058594
2015-02-10,404.75439453125
2015-02-11,405.75396728515625
2015-02-12,405.2779846191406
2015-02-13,406.18231201171875
2015-02-16,397.4246520996094
2015-02-18,409.08563232421875
2015-02-19,411.94134521484375
2015-02-20,414.4163818359375
2015-02-23,399.56646728515625
2015-02-24,402.13665771484375
2015-02-25,401.9461975097656
2015-02-26,403.2312927246094
2015-02-27,414.4163818359375
2015-03-02,392.6651306152344
2015-03-03,395.9015808105469
2015-03-04,391.61798095703125
2015-03-05,386.2396545410156
2015-03-09,380.48052978515625
2015-03-10,385.9064636230469
2015-03-11,380.6233215332031
2015-03-12,385.14495849609375
2015-03-13,379.5762939453125
2015-03-16,378.4815673828125
2015-03-17,385.0021667480469
2015-03-18,382.4796142578125
2015-03-19,385.3353271484375
2015-03-20,373.817138671875
2015-03-23,372.05615234375
2015-03-24,368.629150390625
2015-03-25,371.67529296875
2015-03-26,371.0090026855469
2015-03-27,373.9599304199219
2015-03-30,372.53204345703125
2015-03-31,372.7701416015625
2015-04-01,371.6277770996094
2015-04-06,384.19305419921875
2015-04-07,387.04876708984375
2015-04-08,387.8580017089844
2015-04-09,380.7185363769531
2015-04-10,381.2896728515625
2015-04-13,394.9020690917969
2015-04-15,391.5704040527344
2015-04-16,386.7156066894531
2015-04-17,376.0540771484375
2015-04-20,375.9588928222656
2015-04-21,373.3887634277344
2015-04-22,377.0537109375
2015-04-23,384.05029296875
2015-04-24,376.8633117675781
2015-04-27,367.915283203125
2015-04-28,367.5821228027344
2015-04-29,363.4888610839844
2015-04-30,364.3932189941406
2015-05-04,366.72540283203125
2015-05-05,365.9162292480469
2015-05-06,364.9643249511719
2015-05-07,351.78033447265625
2015-05-08,336.5973205566406
2015-05-11,349.9716796875
2015-05-12,345.3072509765625
2015-05-13,349.7336730957031
2015-05-14,345.4500732421875
2015-05-15,350.25726318359375
2015-05-18,360.53790283203125
2015-05-19,361.29949951171875
2015-05-20,358.06292724609375
2015-05-21,357.920166015625
2015-05-22,352.6370544433594
2015-05-25,353.16058349609375
2015-05-26,352.77984619140625
2015-05-27,354.3028869628906
2015-05-28,361.96575927734375
2015-05-29,360.10955810546875
2015-06-01,358.20574951171875
2015-06-02,351.20916748046875
2015-06-03,349.9716796875
2015-06-04,344.117431640625
2015-06-05,346.25921630859375
2015-06-08,335.9785461425781
2015-06-09,342.26116943359375
2015-06-10,347.1635437011719
2015-06-11,336.6925048828125
2015-06-12,331.21893310546875
2015-06-15,327.69683837890625
2015-06-16,330.4573974609375
2015-06-17,336.9304504394531
2015-06-18,341.5472412109375
2015-06-19,340.9760437011719
2015-06-22,348.6390075683594
2015-06-23,340.07177734375
2015-06-24,339.4530334472656
2015-06-25,335.8832702636719
2015-06-26,342.83233642578125
2015-06-29,341.5948486328125
2015-06-30,348.6866455078125
2015-07-01,344.4981689453125
2015-07-02,338.16790771484375
2015-07-03,340.1192932128906
2015-07-06,338.73907470703125
2015-07-07,343.6890563964844
2015-07-08,337.8824157714844
2015-07-09,342.4039611816406
2015-07-10,338.69146728515625
2015-07-13,340.1192932128906
2015-07-14,342.54669189453125
2015-07-15,333.8843078613281
2015-07-16,333.7890930175781
2015-07-17,334.3640441894531
2015-07-20,330.722900390625
2015-07-21,325.548583984375
2015-07-22,323.87176513671875
2015-07-23,322.9614562988281
2015-07-24,325.8838806152344
2015-07-27,321.8595275878906
2015-07-28,326.8421630859375
2015-07-29,324.39874267578125
2015-07-30,324.6383361816406
2015-07-31,310.12158203125
2015-08-03,303.98907470703125
2015-08-04,302.743408203125
2015-08-05,307.10321044921875
2015-08-06,314.0502014160156
2015-08-07,320.0389709472656
2015-08-10,315.5833740234375
2015-08-11,314.6730651855469
2015-08-12,316.3020324707031
2015-08-13,314.4334716796875
2015-08-14,321.0450744628906
2015-08-17,322.5303039550781
2015-08-18,322.0990295410156
2015-08-19,326.2193603515625
2015-08-20,326.93798828125
2015-08-21,329.9084167480469
2015-08-24,318.6974182128906
2015-08-25,313.33154296875
2015-08-26,311.17559814453125
2015-08-27,332.5434875488281
2015-08-28,327.3212585449219
2015-08-31,323.6800842285156
2015-09-01,320.9491882324219
2015-09-02,309.5945739746094
2015-09-03,313.523193359375
2015-09-04,319.03277587890625
2015-09-07,318.505859375
2015-09-08,308.54052734375
2015-09-09,316.7331237792969
2015-09-10,312.3254089355469
2015-09-11,312.8045349121094
2015-09-14,315.2479248046875
2015-09-15,312.37335205078125
2015-09-16,314.0502014160156
2015-09-18,308.44476318359375
2015-09-21,305.37847900390625
2015-09-22,305.52215576171875
2015-09-23,306.5283203125
2015-09-24,311.2713928222656
2015-09-28,312.46917724609375
2015-09-29,307.7739562988281
2015-09-30,304.5640563964844
2015-10-01,313.57110595703125
2015-10-05,317.02056884765625
2015-10-06,333.9328918457031
2015-10-07,330.722900390625
2015-10-08,326.79425048828125
2015-10-09,328.8543701171875
2015-10-12,328.3273620605469
2015-10-13,329.09393310546875
2015-10-14,333.88494873046875
2015-10-15,338.19683837890625
2015-10-16,339.15509033203125
2015-10-19,336.2804260253906
2015-10-20,337.3824157714844
2015-10-21,333.2620849609375
2015-10-23,329.33349609375
2015-10-26,330.3874816894531
2015-10-27,326.17138671875
2015-10-28,336.1366882324219
2015-10-29,337.573974609375
2015-10-30,335.322265625
2015-11-02,341.69427490234375
2015-11-03,333.83697509765625
2015-11-04,333.4537658691406
2015-11-05,334.17242431640625
2015-11-06,335.4179992675781
2015-11-09,339.5862121582031
2015-11-10,338.0531311035156
2015-11-13,339.8257751464844
2015-11-16,344.66473388671875
2015-11-17,343.41900634765625
2015-11-18,345.7187194824219
2015-11-19,354.4383239746094
2015-11-20,356.1631164550781
2015-11-23,364.4036560058594
2015-11-24,362.2476501464844
2015-11-26,372.30877685546875
2015-11-27,364.0203552246094
2015-11-30,365.5534973144531
2015-12-01,362.1039123535156
2015-12-02,360.9541015625
2015-12-03,356.4505615234375
2015-12-04,351.419921875
2015-12-07,352.47406005859375
2015-12-08,350.5096740722656
2015-12-09,344.760498046875
2015-12-10,347.587158203125
2015-12-11,337.81353759765625
2015-12-14,338.4364013671875
2015-12-15,348.8328552246094
2015-12-16,340.5923767089844
2015-12-17,338.38848876953125
2015-12-18,346.6769104003906
2015-12-21,340.2569885253906
2015-12-22,346.2457580566406
2015-12-23,343.2274169921875
2015-12-24,335.992919921875
2015-12-28,335.8493347167969
2015-12-29,336.61578369140625
2015-12-30,335.22637939453125
2015-12-31,332.6392517089844
2016-01-01,337.3344421386719
2016-01-04,336.7116394042969
2016-01-05,333.1662902832031
2016-01-06,333.3100280761719
2016-01-07,329.66888427734375
2016-01-08,333.4537658691406
2016-01-11,330.6270751953125
2016-01-12,332.3997497558594
2016-01-13,335.322265625
2016-01-14,327.4170837402344
2016-01-15,321.8116455078125
2016-01-18,320.27850341796875
2016-01-19,325.0215759277344
2016-01-20,326.60260009765625
2016-01-21,329.0460510253906
2016-01-22,333.07049560546875
2016-01-25,339.6341552734375
2016-01-27,335.0347595214844
2016-01-28,324.8299255371094
2016-01-29,348.49749755859375
2016-02-01,344.9043273925781
2016-02-02,337.2865295410156
2016-02-03,339.2508239746094
2016-02-04,346.8685607910156
2016-02-05,354.10296630859375
2016-02-08,356.06732177734375
2016-02-09,351.5158386230469
2016-02-10,354.91741943359375
2016-02-11,341.4547424316406
2016-02-12,340.9755554199219
2016-02-15,343.70648193359375
2016-02-16,333.0225524902344
2016-02-17,313.18780517578125
2016-02-18,319.70355224609375
2016-02-19,320.709716796875
2016-02-22,323.7759094238281
2016-02-23,315.67913818359375
2016-02-24,313.2836608886719
2016-02-25,310.2174072265625
2016-02-26,316.3498840332031
2016-02-29,303.557861328125
2016-03-01,323.3926696777344
2016-03-02,319.94305419921875
2016-03-03,327.8482666015625
2016-03-04,324.3029479980469
2016-03-08,327.2733154296875
2016-03-09,325.6444396972656
2016-03-10,324.8778381347656
2016-03-11,331.5373229980469
2016-03-14,326.8900451660156
2016-03-15,329.4292907714844
2016-03-16,325.4527282714844
2016-03-17,325.3090515136719
2016-03-18,323.6800842285156
2016-03-21,327.80035400390625
2016-03-22,345.8346862792969
2016-03-23,340.1446838378906
2016-03-28,315.74530029296875
2016-03-29,318.0116882324219
2016-03-30,326.2090759277344
2016-03-31,327.02880859375
2016-04-01,327.3664245605469
2016-04-04,332.2848205566406
2016-04-05,333.29742431640625
2016-04-06,335.7084655761719
2016-04-07,327.2217102050781
2016-04-08,323.89453125
2016-04-11,332.2848205566406
2016-04-12,337.92657470703125
2016-04-13,340.2893371582031
2016-04-18,348.9207763671875
2016-04-20,360.4935607910156
2016-04-21,356.2020263671875
2016-04-22,358.4200744628906
2016-04-25,360.30072021484375
2016-04-26,358.6130065917969
2016-04-27,358.2754821777344
2016-04-28,356.3948974609375
2016-04-29,343.23077392578125
2016-05-02,354.5625
2016-05-03,347.28131103515625
2016-05-04,347.23309326171875
2016-05-05,346.413330078125
2016-05-06,352.44085693359375
2016-05-09,352.48907470703125
2016-05-10,358.6130065917969
2016-05-11,358.7576904296875
2016-05-12,360.68646240234375
2016-05-13,351.71759033203125
2016-05-16,351.86224365234375
2016-05-17,351.76580810546875
2016-05-18,352.2478942871094
2016-05-19,350.9942932128906
2016-05-20,353.0195007324219
2016-05-23,349.6922912597656
2016-05-24,349.6922912597656
2016-05-25,351.5728454589844
2016-05-26,349.0172119140625
2016-05-27,347.618896484375
2016-05-30,350.60845947265625
2016-05-31,347.66705322265625
2016-06-01,346.4615478515625
2016-06-02,345.3042907714844
2016-06-03,342.7004089355469
2016-06-06,340.43402099609375
2016-06-07,347.7635192871094
2016-06-08,349.1618957519531
2016-06-09,351.6692810058594
2016-06-10,349.1136779785156
2016-06-13,351.2353210449219
2016-06-14,353.9838562011719
2016-06-15,353.7909851074219
2016-06-16,358.2754821777344
2016-06-17,362.95281982421875
2016-06-20,363.1938781738281
2016-06-21,362.0848693847656
2016-06-22,365.7977600097656
2016-06-23,374.3327941894531
2016-06-24,376.5508728027344
2016-06-27,377.5634765625
2016-06-28,376.02044677734375
2016-06-29,382.3855285644531
2016-06-30,391.7884521484375
2016-07-01,391.4028015136719
2016-07-04,390.8240661621094
2016-07-05,387.5932922363281
2016-07-07,388.50946044921875
2016-07-08,387.1593322753906
2016-07-11,388.3166198730469
2016-07-12,391.59552001953125
2016-07-13,390.3900451660156
2016-07-14,400.1305847167969
2016-07-15,402.8790283203125
2016-07-18,399.0697326660156
2016-07-19,398.5392761230469
2016-07-20,397.4302062988281
2016-07-21,394.63348388671875
2016-07-22,395.11566162109375
2016-07-25,398.0570373535156
2016-07-26,399.2626037597656
2016-07-27,397.04449462890625
2016-07-28,411.4140625
2016-07-29,406.399169921875
2016-08-01,407.2671203613281
2016-08-02,408.3761291503906
2016-08-03,399.98590087890625
2016-08-04,393.6690979003906
2016-08-05,401.6253662109375
2016-08-08,404.7596740722656
2016-08-09,405.1454162597656
2016-08-10,389.57037353515625
2016-08-11,386.0985107421875
2016-08-12,387.64154052734375
2016-08-16,390.1489562988281
2016-08-17,390.2453918457031
2016-08-18,383.9767761230469
2016-08-19,387.689697265625
2016-08-22,388.6059265136719
2016-08-23,392.2706604003906
2016-08-24,389.7632141113281
2016-08-25,381.0353698730469
2016-08-26,391.30621337890625
2016-08-29,388.84698486328125
2016-08-30,393.0904541015625
2016-08-31,403.60235595703125
2016-09-01,398.7803649902344
2016-09-02,403.4577331542969
2016-09-06,421.8778076171875
2016-09-07,410.1603088378906
2016-09-08,417.44158935546875
2016-09-09,408.8583984375
2016-09-12,396.65869140625
2016-09-14,399.79296875
2016-09-15,391.9330139160156
2016-09-16,393.0904541015625
2016-09-19,388.50946044921875
2016-09-20,388.50946044921875
2016-09-21,391.9813232421875
2016-09-22,399.6483154296875
2016-09-23,394.4405822753906
2016-09-26,390.3418273925781
2016-09-27,390.92047119140625
2016-09-28,395.11566162109375
2016-09-29,379.1547546386719
2016-09-30,381.0353698730469
2016-10-03,392.1260070800781
2016-10-04,392.07781982421875
2016-10-05,391.450927734375
2016-10-06,384.6518859863281
2016-10-07,381.22821044921875
2016-10-10,389.3292541503906
2016-10-13,374.3810119628906
2016-10-14,371.5360412597656
2016-10-17,372.3558044433594
2016-10-18,376.2134094238281
2016-10-19,374.5738525390625
2016-10-20,375.73114013671875
2016-10-21,365.894287109375
2016-10-24,364.1100769042969
2016-10-25,360.0113830566406
2016-10-26,362.1812744140625
2016-10-27,356.057373046875
2016-10-28,360.25244140625
2016-11-01,359.4327697753906
2016-11-02,364.1582946777344
2016-11-03,363.7725524902344
2016-11-04,355.9126892089844
2016-11-07,357.31109619140625
2016-11-08,357.9378967285156
2016-11-09,336.383544921875
2016-11-10,336.9139404296875
2016-11-11,323.0265808105469
2016-11-15,317.6741943359375
2016-11-16,308.8981018066406
2016-11-17,304.6546936035156
2016-11-18,292.5032043457031
2016-11-21,293.2746887207031
2016-11-22,295.97509765625
2016-11-23,301.3757019042969
2016-11-24,296.6019592285156
2016-11-25,304.8958435058594
2016-11-28,295.6375732421875
2016-11-29,302.67767333984375
2016-11-30,311.9841613769531
2016-12-01,313.3343505859375
2016-12-02,302.05084228515625
2016-12-05,314.2505187988281
2016-12-06,311.9841613769531
2016-12-07,312.6591796875
2016-12-08,314.97381591796875
2016-12-09,314.9255676269531
2016-12-12,310.24822998046875
2016-12-13,308.65692138671875
2016-12-14,310.6822509765625
2016-12-15,304.12432861328125
2016-12-16,310.24822998046875
2016-12-19,305.57086181640625
2016-12-20,306.6317138671875
2016-12-21,308.31939697265625
2016-12-22,298.7718505859375
2016-12-23,303.1116638183594
2016-12-26,296.8912658691406
2016-12-27,305.08868408203125
2016-12-28,303.0634765625
2016-12-29,309.52496337890625
2016-12-30,315.1667175292969
2017-01-02,322.0621643066406
2017-01-03,335.75665283203125
2017-01-04,346.8472900390625
2017-01-05,345.3042907714844
2017-01-06,342.5557556152344
2017-01-09,341.9770202636719
2017-01-10,348.5832214355469
2017-01-11,347.908203125
2017-01-12,350.75311279296875
2017-01-13,345.5935974121094
2017-01-16,349.93341064453125
2017-01-17,347.1366271972656
2017-01-18,353.9356689453125
2017-01-19,359.4327697753906
2017-01-20,347.8599548339844
2017-01-23,350.9942932128906
2017-01-24,351.3800048828125
2017-01-25,358.9023742675781
2017-01-27,359.5291748046875
2017-01-30,358.2273254394531
2017-01-31,349.1618957519531
2017-02-01,356.7806396484375
2017-02-02,375.44183349609375
2017-02-03,366.2318115234375
2017-02-06,377.1295471191406
2017-02-07,379.4441223144531
2017-02-08,410.4496765136719
2017-02-09,411.7998046875
2017-02-10,416.6217956542969
2017-02-13,413.10174560546875
2017-02-14,413.10174560546875
2017-02-15,397.76776123046875
2017-02-16,408.9066162109375
2017-02-17,416.1396484375
2017-02-20,418.9845886230469
2017-02-21,441.0211486816406
2017-02-22,424.3370666503906
2017-02-23,417.5380554199219
2017-02-27,419.85260009765625
2017-02-28,421.63677978515625
2017-03-01,422.5528869628906
2017-03-02,415.1269836425781
2017-03-03,424.1924133300781
2017-03-06,422.4564514160156
2017-03-07,423.903076171875
2017-03-08,425.25323486328125
2017-03-09,426.5069580078125
2017-03-10,429.4483947753906
2017-03-14,445.74676513671875
2017-03-15,445.60211181640625
2017-03-16,449.2186279296875
2017-03-17,447.0004577636719
2017-03-20,448.97747802734375
2017-03-21,447.19342041015625
2017-03-22,429.8823547363281
2017-03-23,435.909912109375
2017-03-24,432.0040283203125
2017-03-27,432.0040283203125
2017-03-28,437.5011291503906
2017-03-29,438.80303955078125
2017-03-30,441.0211486816406
2017-03-31,446.2772521972656
2017-04-03,442.99822998046875
2017-04-05,474.244873046875
2017-04-06,470.04974365234375
2017-04-07,468.1208801269531
2017-04-10,468.45843505859375
2017-04-11,469.4228210449219
2017-04-12,462.72027587890625
2017-04-13,466.9153747558594
2017-04-17,464.1186218261719
2017-04-18,454.4263610839844
2017-04-19,455.4389953613281
2017-04-20,462.4309387207031
2017-04-21,462.3345031738281
2017-04-24,465.1795349121094
2017-04-25,466.4332275390625
2017-04-26,462.72027587890625
2017-04-27,461.273681640625
2017-04-28,453.5102233886719
2017-05-02,467.83160400390625
2017-05-03,466.1921081542969
2017-05-04,475.1128234863281
2017-05-05,473.7144470214844
2017-05-08,467.3011169433594
2017-05-09,450.5205383300781
2017-05-10,465.22772216796875
2017-05-11,483.31024169921875
2017-05-12,477.3791809082031
2017-05-15,466.4332275390625
2017-05-16,470.9176940917969
2017-05-17,464.60089111328125
2017-05-18,454.8604431152344
2017-05-19,454.3781433105469
2017-05-22,464.2633361816406
2017-05-23,461.32196044921875
2017-05-24,452.4975891113281
2017-05-25,447.38623046875
2017-05-26,456.59625244140625
2017-05-29,453.89599609375
2017-05-30,453.0762023925781
2017-05-31,457.99468994140625
2017-06-01,453.9442138671875
2017-06-02,454.956787109375
2017-06-05,532.2053833007812
2017-06-06,508.3847351074219
2017-06-07,517.1124877929688
2017-06-08,510.26531982421875
2017-06-09,506.74517822265625
2017-06-12,497.438720703125
2017-06-13,502.0195617675781
2017-06-14,503.3216247558594
2017-06-15,499.2229309082031
2017-06-16,498.0173645019531
2017-06-19,496.8600769042969
2017-06-20,507.95074462890625
2017-06-21,504.4787902832031
2017-06-22,501.3927001953125
2017-06-23,495.02764892578125
2017-06-27,497.6316223144531
2017-06-28,489.2413024902344
2017-06-29,491.45947265625
2017-06-30,505.78094482421875
2017-07-03,513.4478759765625
2017-07-04,516.4856567382812
2017-07-05,512.869140625
2017-07-06,514.9426879882812
2017-07-07,513.5443115234375
2017-07-10,517.6428833007812
2017-07-11,509.8795166015625
2017-07-12,511.9046630859375
2017-07-13,515.135498046875
2017-07-14,514.6533203125
2017-07-17,514.7498168945312
2017-07-18,508.9633483886719
2017-07-19,514.07470703125
2017-07-20,510.94036865234375
2017-07-21,523.8634033203125
2017-07-24,521.4891967773438
2017-07-25,519.5511474609375
2017-07-26,521.2470092773438
2017-07-27,511.1204528808594
2017-07-28,516.64404296875
2017-07-31,527.4003295898438
2017-08-01,522.6520385742188
2017-08-02,535.6856079101562
2017-08-03,540.7730712890625
2017-08-04,592.2776489257812
2017-08-07,595.8146362304688
2017-08-08,590.533447265625
2017-08-09,599.9814453125
2017-08-10,591.4539184570312
2017-08-11,588.2076416015625
2017-08-14,610.8832397460938
2017-08-16,608.2667846679688
2017-08-17,602.2587890625
2017-08-18,604.1968383789062
2017-08-21,596.4444580078125
2017-08-22,596.0569458007812
2017-08-23,588.692138671875
2017-08-24,588.013916015625
2017-08-28,593.2951049804688
2017-08-29,581.8604125976562
2017-08-30,592.665283203125
2017-08-31,597.9949340820312
2017-09-01,594.50634765625
2017-09-04,593.2951049804688
2017-09-05,619.0716552734375
2017-09-06,620.961181640625
2017-09-07,617.27880859375
2017-09-08,613.7903442382812
2017-09-11,613.3543090820312
2017-09-12,618.151123046875
2017-09-13,610.7863159179688
2017-09-14,613.9356079101562
2017-09-15,612.5791015625
2017-09-18,626.0971069335938
2017-09-19,621.68798828125
2017-09-20,611.270751953125
2017-09-21,599.4000854492188
2017-09-22,583.6530151367188
2017-09-25,583.5078735351562
2017-09-26,573.9142456054688
2017-09-27,571.7339477539062
2017-09-28,557.8281860351562
2017-09-29,566.4526977539062
2017-10-03,581.4727172851562
2017-10-04,582.2965087890625
2017-10-05,577.3059692382812
2017-10-06,578.129638671875
2017-10-09,597.074462890625
2017-10-10,596.78369140625
2017-10-11,591.6962280273438
2017-10-12,604.1483764648438
2017-10-13,605.7957763671875
2017-10-16,608.0245361328125
2017-10-17,606.377197265625
2017-10-18,593.9249877929688
2017-10-19,588.1592407226562
2017-10-23,585.3489379882812
2017-10-24,587.2870483398438
2017-10-25,572.4607543945312
2017-10-26,566.5496215820312
2017-10-27,571.7824096679688
2017-10-30,599.1578369140625
2017-10-31,615.5830078125
2017-11-01,617.7149658203125
2017-11-02,634.866943359375
2017-11-03,639.3245849609375
2017-11-06,759.4371337890625
2017-11-07,730.4627685546875
2017-11-08,720.2877807617188
2017-11-09,753.8167114257812
2017-11-10,757.838134765625
2017-11-13,741.4129638671875
2017-11-14,750.3281860351562
2017-11-15,747.1788330078125
2017-11-16,744.5139770507812
2017-11-17,761.95654296875
2017-11-20,759.6793212890625
2017-11-21,790.2041625976562
2017-11-22,787.9754028320312
2017-11-23,780.9497680664062
2017-11-24,803.6253662109375
2017-11-27,806.8233032226562
2017-11-28,792.7721557617188
2017-11-29,792.7721557617188
2017-11-30,793.54736328125
2017-12-01,780.3199462890625
2017-12-04,779.6416625976562
2017-12-05,768.0615234375
2017-12-06,749.6497802734375
2017-12-07,775.8139038085938
2017-12-08,785.8435668945312
2017-12-11,795.1947021484375
2017-12-12,796.93896484375
2017-12-13,793.5958251953125
2017-12-14,790.9794921875
2017-12-15,807.0654907226562
2017-12-18,814.0910034179688
2017-12-19,841.4664306640625
2017-12-20,836.2335205078125
2017-12-21,831.8729248046875
2017-12-22,830.322265625
2017-12-26,828.3359375
2017-12-27,822.7640380859375
2017-12-28,825.3319091796875
2017-12-29,831.5821533203125
2018-01-01,826.0587158203125
2018-01-02,818.984619140625
2018-01-03,829.78955078125
2018-01-04,865.25634765625
2018-01-05,881.5362548828125
2018-01-08,897.428466796875
2018-01-09,904.0665283203125
2018-01-10,889.1915893554688
2018-01-11,878.8229370117188
2018-01-12,875.8189086914062
2018-01-15,889.8215942382812
2018-01-16,861.8646850585938
2018-01-17,865.4501953125
2018-01-18,858.424560546875
2018-01-19,863.8512573242188
2018-01-22,881.5845947265625
2018-01-23,877.6600952148438
2018-01-24,859.442138671875
2018-01-25,856.728759765625
2018-01-29,868.4541625976562
2018-01-30,856.7772827148438
2018-01-31,842.6292724609375
2018-02-01,805.2727661132812
2018-02-02,796.7451782226562
2018-02-05,777.4612426757812
2018-02-06,758.4195556640625
2018-02-07,759.3887329101562
2018-02-08,775.959228515625
2018-02-09,772.1315307617188
2018-02-12,784.0023193359375
2018-02-14,788.5083618164062
2018-02-15,789.6226806640625
2018-02-16,778.3333740234375
2018-02-19,779.0601196289062
2018-02-20,806.4841918945312
2018-02-21,797.423583984375
2018-02-22,792.1906127929688
2018-02-23,788.9928588867188
2018-02-26,794.3225708007812
2018-02-27,797.1328125
2018-02-28,790.8825073242188
2018-03-01,785.1166381835938
2018-03-05,783.85693359375
2018-03-06,782.6456909179688
2018-03-07,789.6226806640625
2018-03-08,792.384521484375
2018-03-09,793.7410888671875
2018-03-12,803.4315795898438
2018-03-13,825.5741577148438
2018-03-14,838.2200927734375
2018-03-15,845.4879150390625
2018-03-16,852.0289306640625
2018-03-19,842.0963134765625
2018-03-20,844.7611694335938
2018-03-21,845.24560546875
2018-03-22,860.0719604492188
2018-03-23,867.3397827148438
2018-03-26,909.9775390625
2018-03-27,913.2238159179688
2018-03-28,913.126953125
2018-04-02,914.8711547851562
2018-04-03,903.097412109375
2018-04-04,876.3518676757812
2018-04-05,891.5657348632812
2018-04-06,911.1888427734375
2018-04-09,930.908935546875
2018-04-10,932.4593505859375
2018-04-11,949.611328125
2018-04-12,945.83203125
2018-04-13,956.5885620117188
2018-04-16,950.1443481445312
2018-04-17,966.7149047851562
2018-04-18,946.8495483398438
2018-04-19,923.25341796875
2018-04-20,926.9358520507812
2018-04-23,933.1376342773438
2018-04-24,932.168701171875
2018-04-25,931.1026611328125
2018-04-26,939.48486328125
2018-04-27,939.9694213867188
2018-04-30,951.404052734375
2018-05-02,934.6396484375
2018-05-03,929.649169921875
2018-05-04,928.437744140625
2018-05-07,938.951904296875
2018-05-08,938.1282958984375
2018-05-09,955.183349609375
2018-05-10,942.9734497070312
2018-05-11,926.4513549804688
2018-05-14,891.5174560546875
2018-05-15,902.1767578125
2018-05-16,902.3222045898438
2018-05-17,907.506591796875
2018-05-18,910.8497314453125
2018-05-21,886.9144287109375
2018-05-22,885.8969116210938
2018-05-23,891.6141967773438
2018-05-24,892.7772216796875
2018-05-25,895.7811889648438
2018-05-28,900.141845703125
2018-05-29,886.1876831054688
2018-05-30,885.3154907226562
2018-05-31,872.2333374023438
2018-06-01,872.1366577148438
2018-06-04,857.9400634765625
2018-06-05,837.2026977539062
2018-06-06,871.603515625
2018-06-07,859.684326171875
2018-06-08,868.2604370117188
2018-06-11,875.3828125
2018-06-12,876.6911010742188
2018-06-13,889.724609375
2018-06-14,877.2240600585938
2018-06-15,875.4796752929688
2018-06-18,869.90771484375
2018-06-19,861.4771118164062
2018-06-20,860.8471069335938
2018-06-21,841.514892578125
2018-06-22,850.3816528320312
2018-06-25,837.2510986328125
2018-06-26,845.1487426757812
2018-06-27,842.7261352539062
2018-06-28,810.4570922851562
2018-06-29,851.3021850585938
2018-07-02,869.6170654296875
2018-07-03,865.547119140625
2018-07-04,859.10302734375
2018-07-05,812.0559692382812
2018-07-06,803.964599609375
2018-07-09,796.3576049804688
2018-07-10,807.0654907226562
2018-07-11,784.4383544921875
2018-07-12,783.4208374023438
2018-07-13,812.7342529296875
2018-07-16,805.466552734375
2018-07-17,818.984619140625
2018-07-18,820.0020751953125
2018-07-19,842.9200439453125
2018-07-20,833.7626953125
2018-07-23,835.806396484375
2018-07-24,838.62890625
2018-07-25,842.7655029296875
2018-07-26,831.669921875
2018-07-27,860.4790649414062
2018-07-30,868.2167358398438
2018-07-31,887.9743041992188
2018-08-01,892.8407592773438
2018-08-02,896.8798217773438
2018-08-03,894.6414184570312
2018-08-06,877.5602416992188
2018-08-07,902.476318359375
2018-08-08,910.0192260742188
2018-08-09,890.8455200195312
2018-08-10,895.5172119140625
2018-08-13,889.2396240234375
2018-08-14,900.8703002929688
2018-08-16,894.8846435546875
2018-08-17,916.3941650390625
2018-08-20,897.0745239257812
2018-08-21,891.8187255859375
2018-08-23,887.5364379882812
2018-08-24,861.6956787109375
2018-08-27,867.097412109375
2018-08-28,864.5669555664062
2018-08-29,859.2138671875
2018-08-30,854.8828125
2018-08-31,868.0707397460938
2018-09-03,888.3636474609375
2018-09-04,857.364501953125
2018-09-05,840.8187866210938
2018-09-06,843.9819946289062
2018-09-07,844.27392578125
2018-09-10,834.638427734375
2018-09-11,798.8216552734375
2018-09-12,804.3694458007812
2018-09-14,820.0878295898438
2018-09-17,801.4495239257812
2018-09-18,802.8607788085938
2018-09-19,801.595458984375
2018-09-21,779.2100219726562
2018-09-24,769.9638061523438
2018-09-25,775.5602416992188
2018-09-26,792.9332885742188
2018-09-27,799.5028686523438
2018-09-28,784.076416015625
2018-10-01,788.1155395507812
2018-10-03,773.2730102539062
2018-10-04,755.9485473632812
2018-10-05,770.9371337890625
2018-10-08,791.81396484375
2018-10-09,729.475341796875
2018-10-10,767.48193359375
2018-10-11,758.0899047851562
2018-10-12,783.6385498046875
2018-10-15,785.6336669921875
2018-10-16,788.94287109375
2018-10-17,778.7232666015625
2018-10-19,767.6279296875
2018-10-22,754.0992431640625
2018-10-23,757.4085083007812
2018-10-24,770.4505004882812
2018-10-25,770.1098022460938
2018-10-26,785.341796875
2018-10-29,807.581298828125
2018-10-30,808.311279296875
2018-10-31,822.0344848632812
2018-11-01,831.6212768554688
2018-11-02,847.7291259765625
2018-11-05,840.6242065429688
2018-11-06,823.6403198242188
2018-11-07,827.4362182617188
2018-11-09,825.0029907226562
2018-11-12,870.8445434570312
2018-11-13,873.5210571289062
2018-11-14,868.3627319335938
2018-11-15,896.1985473632812
2018-11-16,896.7338256835938
2018-11-19,895.955322265625
2018-11-20,890.9915771484375
2018-11-21,901.7949829101562
2018-11-22,891.2835083007812
2018-11-26,891.9161376953125
2018-11-27,889.8722534179688
2018-11-28,898.2911376953125
2018-11-29,906.5154418945312
2018-11-30,902.3302612304688
2018-12-03,911.2357177734375
2018-12-04,899.118408203125
2018-12-05,895.6633911132812
2018-12-06,881.55078125
2018-12-07,892.1107177734375
2018-12-10,882.8646240234375
2018-12-11,908.2186279296875
2018-12-12,905.1041870117188
2018-12-13,918.9246826171875
2018-12-14,906.61279296875
2018-12-17,910.3112182617188
2018-12-18,908.0726318359375
2018-12-19,904.3742065429688
2018-12-20,901.9896240234375
2018-12-21,876.0029907226562
2018-12-24,856.3425903320312
2018-12-26,865.394287109375
2018-12-27,863.9342651367188
2018-12-28,898.0477905273438
2018-12-31,906.1260375976562
2019-01-01,903.2062377929688
2019-01-02,907.245361328125
2019-01-03,906.32080078125
2019-01-04,903.6441650390625
2019-01-07,918.827392578125
2019-01-08,920.871337890625
2019-01-09,927.4895629882812
2019-01-10,940.872314453125
2019-01-11,933.669921875
2019-01-14,931.9180297851562
2019-01-15,942.429443359375
2019-01-16,935.5191650390625
2019-01-17,935.85986328125
2019-01-18,935.27587890625
2019-01-21,937.02783203125
2019-01-22,956.3961791992188
2019-01-23,936.44384765625
2019-01-24,943.7434692382812
2019-01-25,951.8704833984375
2019-01-28,933.037353515625
2019-01-29,940.2882080078125
2019-01-30,943.013427734375
2019-01-31,969.1948852539062
2019-02-01,965.0582275390625
2019-02-04,998.3446044921875
2019-02-05,1038.2005615234375
2019-02-06,1030.7548828125
2019-02-07,1028.565185546875
2019-02-08,1025.10986328125
2019-02-11,1028.1756591796875
2019-02-12,1037.762451171875
2019-02-14,1014.4036865234375
2019-02-15,1011.2406616210938
2019-02-18,999.90185546875
2019-02-19,1001.313232421875
2019-02-20,1005.1576538085938
2019-02-21,1014.6470947265625
2019-02-22,1013.7711791992188
2019-02-25,1015.1337280273438
2019-02-26,1010.6079711914062
2019-02-27,989.098388671875
2019-02-28,997.8092651367188
2019-03-01,994.0621337890625
2019-03-05,1007.3474731445312
2019-03-06,1027.7376708984375
2019-03-07,1015.4256591796875
2019-03-08,1025.0611572265625
2019-03-11,1040.633544921875
2019-03-12,1057.4229736328125
2019-03-13,1049.490478515625
2019-03-14,1057.325439453125
2019-03-15,1067.934326171875
2019-03-18,1070.416259765625
2019-03-19,1079.4190673828125
2019-03-20,1072.898193359375
2019-03-22,1073.0926513671875
2019-03-25,1070.7078857421875
2019-03-26,1085.93994140625
2019-03-27,1086.669921875
2019-03-28,1103.9459228515625
2019-04-01,1090.4169921875
2019-04-02,1082.1929931640625
2019-04-03,1071.09765625
2019-04-04,1076.5478515625
2019-04-05,1076.83984375
2019-04-08,1074.8931884765625
2019-04-09,1069.1995849609375
2019-04-10,1070.805419921875
2019-04-11,1075.5260009765625
2019-04-12,1067.691162109375
2019-04-15,1061.0240478515625
2019-04-16,1090.125244140625
2019-04-18,1095.3321533203125
2019-04-22,1093.6776123046875
2019-04-23,1099.371337890625
2019-04-24,1118.44775390625
2019-04-25,1110.8074951171875
2019-04-26,1107.109130859375
2019-04-30,1127.5965576171875
2019-05-02,1107.7415771484375
2019-05-03,1114.457275390625
2019-05-06,1053.919189453125
2019-05-07,1057.471435546875
2019-05-08,1059.61279296875
2019-05-09,1074.9420166015625
2019-05-10,1101.8531494140625
2019-05-13,1114.1165771484375
2019-05-14,1123.89794921875
2019-05-15,1131.927734375
2019-05-16,1154.7509765625
2019-05-17,1158.69287109375
2019-05-20,1198.7435302734375
2019-05-21,1211.15283203125
2019-05-22,1207.94091796875
2019-05-23,1187.6480712890625
2019-05-24,1187.307373046875
2019-05-27,1207.7950439453125
2019-05-28,1198.646240234375
2019-05-29,1201.663330078125
2019-05-30,1207.454345703125
2019-05-31,1202.7340087890625
2019-06-03,1232.4193115234375
2019-06-04,1214.6566162109375
2019-06-06,1235.533447265625
2019-06-07,1235.046875
2019-06-10,1242.8818359375
2019-06-11,1250.619384765625
2019-06-12,1254.4150390625
2019-06-13,1260.8387451171875
2019-06-14,1247.6510009765625
2019-06-17,1222.4918212890625
2019-06-18,1223.90283203125
2019-06-19,1241.03271484375
2019-06-20,1271.691162109375
2019-06-21,1257.82177734375
2019-06-24,1265.316162109375
2019-06-25,1282.9322509765625
2019-06-26,1274.07568359375
2019-06-27,1293.6871337890625
2019-06-28,1299.0404052734375
2019-07-01,1287.8475341796875
2019-07-02,1288.6260986328125
2019-07-03,1292.9571533203125
2019-07-04,1255.875244140625
2019-07-05,1243.952392578125
2019-07-08,1218.9876708984375
2019-07-09,1069.5888671875
2019-07-10,1071.7789306640625
2019-07-11,1067.691162109375
2019-07-12,1071.7789306640625
2019-07-15,1060.2940673828125
2019-07-16,1084.966796875
2019-07-17,1080.246337890625
2019-07-18,1051.145263671875
2019-07-19,1061.89990234375
2019-07-22,1056.5469970703125
2019-07-23,1069.783447265625
2019-07-24,1058.34765625
2019-07-25,1061.31591796875
2019-07-26,1076.83984375
2019-07-29,1054.841552734375
2019-07-30,1055.134765625
2019-07-31,1032.794189453125
2019-08-01,1033.723388671875
2019-08-02,1040.958251953125
2019-08-05,1013.6803588867188
2019-08-06,1023.3596801757812
2019-08-07,1005.5165405273438
2019-08-08,1017.88427734375
2019-08-09,1043.2069091796875
2019-08-13,1040.127197265625
2019-08-14,1059.8277587890625
2019-08-16,1051.8106689453125
2019-08-19,1064.6673583984375
2019-08-20,1067.99169921875
2019-08-21,1041.5447998046875
2019-08-22,1038.073974609375
2019-08-23,1049.5618896484375
2019-08-26,1077.8663330078125
2019-08-27,1098.642578125
2019-08-28,1086.1767578125
2019-08-29,1077.23095703125
2019-08-30,1080.4571533203125
2019-09-03,1036.020751953125
2019-09-04,1014.0712890625
2019-09-05,1025.26611328125
2019-09-06,1044.868896484375
2019-09-09,1064.080810546875
2019-09-11,1076.49755859375
2019-09-12,1061.8809814453125
2019-09-13,1098.3492431640625
2019-09-16,1122.9383544921875
2019-09-17,1132.422119140625
2019-09-18,1134.8173828125
2019-09-19,1127.484619140625
2019-09-20,1235.3740234375
2019-09-23,1282.5482177734375
2019-09-24,1263.824951171875
2019-09-25,1240.604736328125
2019-09-26,1259.572265625
2019-09-27,1255.4169921875
2019-09-30,1244.662109375
2019-10-01,1252.0438232421875
2019-10-03,1266.611572265625
2019-10-04,1223.00634765625
2019-10-07,1230.925537109375
2019-10-09,1202.865478515625
2019-10-10,1207.167236328125
2019-10-11,1215.8690185546875
2019-10-14,1221.099365234375
2019-10-15,1243.7335205078125
2019-10-16,1246.1287841796875
2019-10-17,1248.572998046875
2019-10-18,1271.5977783203125
2019-10-22,1299.8045654296875
2019-10-23,1318.576416015625
2019-10-24,1343.89892578125
2019-10-25,1305.2308349609375
2019-10-27,1290.4674072265625
2019-10-29,1302.88427734375
2019-10-30,1286.8011474609375
2019-10-31,1301.5155029296875
2019-11-01,1272.868896484375
2019-11-04,1269.837890625
2019-11-05,1255.1724853515625
2019-11-06,1130.320068359375
2019-11-07,1141.1727294921875
2019-11-08,1130.95556640625
2019-11-11,1129.928955078125
2019-11-13,1133.204345703125
2019-11-14,1143.0302734375
2019-11-15,1132.61767578125
2019-11-18,1132.9598388671875
2019-11-19,1137.26171875
2019-11-20,1136.9195556640625
2019-11-21,1122.6451416015625
2019-11-22,1110.2772216796875
2019-11-25,1137.65283203125
2019-11-26,1140.096923828125
2019-11-27,1141.1236572265625
2019-11-28,1143.4212646484375
2019-11-29,1133.8397216796875
2019-12-02,1128.071533203125
2019-12-03,1132.3243408203125
2019-12-04,1148.4564208984375
2019-12-05,1157.8424072265625
2019-12-06,1145.8656005859375
2019-12-09,1151.7806396484375
2019-12-10,1153.0028076171875
2019-12-11,1153.2471923828125
2019-12-12,1161.5087890625
2019-12-13,1159.699951171875
2019-12-16,1139.656982421875
2019-12-17,1131.542236328125
2019-12-18,1133.2532958984375
2019-12-19,1133.204345703125
2019-12-20,1175.098876953125
2019-12-23,1182.1383056640625
2019-12-24,1177.249755859375
2019-12-26,1165.908203125
2019-12-27,1164.8817138671875
2019-12-30,1167.1304931640625
2019-12-31,1161.4598388671875
2020-01-01,1129.000244140625
2020-01-02,1129.831298828125
2020-01-03,1114.28564453125
2020-01-06,1132.764404296875
2020-01-07,1134.0841064453125
2020-01-08,1117.8056640625
2020-01-09,1137.506103515625
2020-01-10,1128.31591796875
2020-01-13,1133.1064453125
2020-01-14,1141.0745849609375
2020-01-15,1158.428955078125
2020-01-16,1166.299560546875
2020-01-17,1162.2423095703125
2020-01-20,1161.362060546875
2020-01-21,1149.971923828125
2020-01-22,1151.3895263671875
2020-01-23,1177.249755859375
2020-01-24,1200.47021484375
2020-01-27,1186.7333984375
2020-01-28,1168.3526611328125
2020-01-29,1159.7490234375
2020-01-30,1152.953857421875
2020-01-31,1161.2642822265625
2020-02-03,1159.944580078125
2020-02-04,1247.35107421875
2020-02-05,1251.310546875
2020-02-06,1231.218994140625
2020-02-07,1246.56884765625
2020-02-10,1229.1656494140625
2020-02-11,1242.3646240234375
2020-02-12,1240.70263671875
2020-02-13,1269.153564453125
2020-02-14,1264.607177734375
2020-02-17,1286.703369140625
2020-02-18,1281.765869140625
2020-02-19,1299.9512939453125
2020-02-20,1293.3515625
2020-02-24,1251.3594970703125
2020-02-25,1232.0009765625
2020-02-26,1227.1124267578125
2020-02-27,1249.404052734375
2020-02-28,1226.52587890625
2020-03-02,1216.4066162109375
2020-03-03,1219.1929931640625
2020-03-04,1223.0550537109375
2020-03-05,1231.072265625
2020-03-06,1214.89111328125
2020-03-09,1176.614013671875
2020-03-11,1161.16650390625
2020-03-12,1052.7396240234375
2020-03-13,1060.1700439453125
2020-03-16,988.7978515625
2020-03-17,978.6786499023438
2020-03-18,909.9951782226562
2020-03-19,883.3528442382812
2020-03-20,884.7216796875
2020-03-23,783.0896606445312
2020-03-24,797.9017333984375
2020-03-25,861.158935546875
2020-03-26,907.599853515625
2020-03-27,916.1546630859375
2020-03-30,922.6074829101562
2020-03-31,912.8794555664062
2020-04-01,915.1769409179688
2020-04-03,843.5603637695312
2020-04-07,926.32275390625
2020-04-08,893.0808715820312
2020-04-09,991.2421264648438
2020-04-13,945.2901611328125
2020-04-15,930.8202514648438
2020-04-16,963.2799072265625
2020-04-17,953.747314453125
2020-04-20,953.747314453125
2020-04-21,915.8124389648438
2020-04-22,930.1847534179688
2020-04-23,892.2498779296875
2020-04-24,885.8460083007812
2020-04-27,907.06201171875
2020-04-28,912.04833984375
2020-04-29,904.7645263671875
2020-04-30,948.4187622070312
2020-05-04,871.9625854492188
2020-05-05,867.1718139648438
2020-05-06,856.906005859375
2020-05-07,830.1658325195312
2020-05-08,814.2782592773438
2020-05-11,811.1007690429688
2020-05-12,827.5750732421875
2020-05-13,841.2628173828125
2020-05-14,827.135009765625
2020-05-15,826.7438354492188
2020-05-18,799.074951171875
2020-05-19,808.3632202148438
2020-05-20,829.7748413085938
2020-05-21,830.899169921875
2020-05-22,830.70361328125
2020-05-26,872.8424682617188
2020-05-27,866.0963745117188
2020-05-28,879.3931884765625
2020-05-29,870.1538696289062
2020-06-01,937.5174560546875
2020-06-02,954.3828735351562
2020-06-03,962.39990234375
2020-06-04,949.5921020507812
2020-06-05,968.8528442382812
2020-06-08,1002.1435546875
2020-06-09,974.8656616210938
2020-06-10,955.4583129882812
2020-06-11,930.0380859375
2020-06-12,955.8982543945312
2020-06-15,927.2516479492188
2020-06-16,936.6864013671875
2020-06-17,941.5260620117188
2020-06-18,954.2361450195312
2020-06-19,954.0894775390625
2020-06-22,957.6580810546875
2020-06-23,976.9677734375
2020-06-24,966.1641235351562
2020-06-25,955.8004150390625
2020-06-26,944.6547241210938
2020-06-29,936.099853515625
2020-06-30,928.669189453125
2020-07-01,927.0560302734375
2020-07-02,964.4042358398438
2020-07-03,981.1228637695312
2020-07-06,991.5844116210938
2020-07-07,993.588623046875
2020-07-08,969.04833984375
2020-07-09,969.48828125
2020-07-10,940.401611328125
2020-07-13,944.8013916015625
2020-07-14,952.085205078125
2020-07-15,946.3656005859375
2020-07-16,939.912841796875
2020-07-17,975.598876953125
2020-07-20,979.3630981445312
2020-07-21,992.5132446289062
2020-07-22,1034.1142578125
2020-07-23,1046.3355712890625
2020-07-24,1034.0164794921875
2020-07-27,1018.8622436523438
2020-07-28,1029.225830078125
2020-07-29,1017.2489624023438
2020-07-30,1018.6177978515625
2020-07-31,1019.986572265625
2020-08-03,1057.38037109375
2020-08-04,1055.270263671875
2020-08-05,1084.9593505859375
2020-08-06,1099.386962890625
2020-08-07,1070.826416015625
2020-08-10,1087.020751953125
2020-08-11,1046.4862060546875
2020-08-12,1036.7696533203125
2020-08-13,1077.3040771484375
2020-08-14,1083.683837890625
2020-08-17,1103.0184326171875
2020-08-18,1124.3162841796875
2020-08-19,1127.1134033203125
2020-08-20,1104.833984375
2020-08-21,1117.0040283203125
2020-08-24,1105.7666015625
2020-08-25,1115.4339599609375
2020-08-26,1113.176513671875
2020-08-27,1116.5626220703125
2020-08-28,1113.078369140625
2020-08-31,1080.101318359375
2020-09-01,1099.288818359375
2020-09-02,1100.515869140625
2020-09-03,1163.3294677734375
2020-09-04,1137.76220703125
2020-09-07,1146.055419921875
2020-09-08,1141.0010986328125
2020-09-09,1139.5777587890625
2020-09-10,1133.83642578125
2020-09-11,1146.104736328125
2020-09-14,1165.9793701171875
2020-09-15,1152.7786865234375
2020-09-16,1159.7960205078125
2020-09-17,1160.4830322265625
2020-09-18,1142.0313720703125
2020-09-21,1099.1416015625
2020-09-22,1083.97802734375
2020-09-23,1096.4915771484375
2020-09-24,1075.8319091796875
2020-09-25,1088.7872314453125
2020-09-28,1117.6422119140625
2020-09-29,1145.6632080078125
2020-09-30,1179.08203125
2020-10-01,1176.4320068359375
2020-10-05,1172.2115478515625
2020-10-06,1177.707763671875
2020-10-07,1230.7557373046875
2020-10-08,1230.903076171875
2020-10-09,1231.9337158203125
2020-10-12,1233.455078125
2020-10-13,1206.072021484375
2020-10-14,1200.772216796875
2020-10-15,1191.10498046875
2020-10-16,1200.477783203125
2020-10-19,1206.0233154296875
2020-10-20,1210.6358642578125
2020-10-21,1221.628173828125
2020-10-22,1206.6610107421875
2020-10-23,1218.6839599609375
2020-10-26,1192.9696044921875
2020-10-27,1208.96728515625
2020-10-28,1194.44189453125
2020-10-29,1156.3609619140625
2020-10-30,1144.1419677734375
2020-11-02,1146.8406982421875
2020-11-03,1177.707763671875
2020-11-04,1193.116943359375
2020-11-05,1219.0765380859375
2020-11-06,1230.265380859375
2020-11-09,1261.23046875
2020-11-10,1281.2032470703125
2020-11-11,1251.072265625
2020-11-12,1254.4093017578125
2020-11-13,1264.5673828125
2020-11-14,1262.9481201171875
2020-11-17,1277.8172607421875
2020-11-18,1256.3721923828125
2020-11-19,1268.493408203125
2020-11-20,1339.8458251953125
2020-11-23,1322.620849609375
2020-11-24,1302.5501708984375
2020-11-25,1282.7244873046875
2020-11-26,1302.79541015625
2020-11-27,1335.9688720703125
2020-12-01,1316.241455078125
2020-12-02,1363.253662109375
2020-12-03,1392.206787109375
2020-12-04,1410.510986328125
2020-12-07,1398.880859375
2020-12-08,1401.38330078125
2020-12-09,1399.715087890625
2020-12-10,1397.801025390625
2020-12-11,1415.663818359375
2020-12-14,1436.323486328125
2020-12-15,1441.525390625
2020-12-16,1476.5634765625
2020-12-17,1474.10986328125
2020-12-18,1491.1873779296875
2020-12-21,1444.3717041015625
2020-12-22,1471.018310546875
2020-12-23,1463.215576171875
2020-12-24,1468.172119140625
2020-12-28,1514.93896484375
2020-12-29,1511.552734375
2020-12-30,1523.8211669921875
2020-12-31,1538.101318359375
2021-01-01,1529.7099609375
2021-01-04,1522.1527099609375
2021-01-05,1541.8309326171875
2021-01-06,1543.4503173828125
2021-01-07,1513.76123046875
2021-01-08,1519.8951416015625
2021-01-11,1534.91162109375
2021-01-12,1498.793701171875
2021-01-13,1477.888671875
2021-01-14,1462.33251953125
2021-01-15,1449.8677978515625
2021-01-18,1475.680419921875
2021-01-19,1491.727294921875
2021-01-20,1502.9161376953125
2021-01-21,1489.1754150390625
2021-01-22,1463.559326171875
2021-01-25,1472.0489501953125
2021-01-27,1413.9952392578125
2021-01-28,1423.2210693359375
2021-01-29,1393.973388671875
2021-02-01,1473.7176513671875
2021-02-02,1457.915771484375
2021-02-03,1496.8798828125
2021-02-04,1485.544189453125
2021-02-05,1481.4708251953125
2021-02-08,1513.1231689453125
2021-02-09,1530.98583984375
2021-02-10,1534.1756591796875
2021-02-11,1496.4383544921875
2021-02-12,1466.5035400390625
2021-02-15,1457.228759765625
2021-02-16,1444.56787109375
2021-02-17,1433.330078125
2021-02-18,1406.4378662109375
2021-02-19,1399.1260986328125
2021-02-22,1379.202392578125
2021-02-23,1397.65380859375
2021-02-24,1424.9383544921875
2021-02-25,1407.8612060546875
2021-02-26,1380.8218994140625
2021-03-01,1425.233154296875
2021-03-02,1443.8809814453125
2021-03-03,1447.2669677734375
2021-03-04,1443.2427978515625
2021-03-05,1446.87451171875
2021-03-08,1429.747802734375
2021-03-09,1429.89501953125
2021-03-10,1443.9791259765625
2021-03-12,1455.0205078125
2021-03-15,1464.5406494140625
2021-03-16,1473.1285400390625
2021-03-17,1445.2550048828125
2021-03-18,1440.9854736328125
2021-03-19,1438.2864990234375
2021-03-22,1433.23193359375
2021-03-23,1467.6322021484375
2021-03-24,1460.5657958984375
2021-03-25,1423.9571533203125
2021-03-26,1477.937744140625
2021-03-30,1523.428466796875
2021-03-31,1529.170166015625
2021-04-01,1530.4459228515625
2021-04-05,1506.54736328125
2021-04-06,1497.2235107421875
2021-04-07,1486.0347900390625
2021-04-08,1542.174560546875
2021-04-09,1562.49072265625
2021-04-12,1482.4525146484375
2021-04-13,1502.22900390625
2021-04-15,1510.0316162109375
2021-04-16,1520.3367919921875
2021-04-19,1490.5494384765625
2021-04-20,1494.6717529296875
2021-04-22,1453.4010009765625
2021-04-23,1434.360595703125
2021-04-26,1452.4195556640625
2021-04-27,1467.386962890625
2021-04-28,1480.882080078125
2021-04-29,1478.8702392578125
2021-04-30,1464.0010986328125
2021-05-03,1397.5556640625
2021-05-04,1376.8958740234375
2021-05-05,1401.92333984375
2021-05-06,1417.626708984375
2021-05-07,1419.6878662109375
2021-05-10,1428.1773681640625
2021-05-11,1408.6463623046875
2021-05-12,1427.981201171875
2021-05-14,1428.864501953125
2021-05-17,1441.0838623046875
2021-05-18,1510.7188720703125
2021-05-19,1492.9541015625
2021-05-20,1502.96484375
2021-05-21,1509.835205078125
2021-05-24,1492.5615234375
2021-05-25,1540.0645751953125
2021-05-26,1553.6085205078125
2021-05-27,1564.6990966796875
2021-05-28,1547.768798828125
2021-05-31,1566.662109375
2021-06-01,1561.9017333984375
2021-06-02,1556.3076171875
2021-06-03,1659.85205078125
2021-06-04,1648.3690185546875
2021-06-07,1653.864990234375
2021-06-08,1680.75732421875
2021-06-09,1698.6688232421875
2021-06-10,1706.422607421875
2021-06-11,1696.4117431640625
2021-06-14,1702.6439208984375
2021-06-15,1691.455322265625
2021-06-16,1683.1617431640625
2021-06-17,1679.6776123046875
2021-06-18,1679.57958984375
2021-06-21,1710.544677734375
2021-06-22,1724.432373046875
2021-06-23,1749.5087890625
2021-06-24,1747.8402099609375
2021-06-25,1721.3408203125
2021-06-28,1696.0189208984375
2021-06-29,1699.503173828125
2021-06-30,1700.3865966796875
2021-07-01,1708.0418701171875
2021-07-02,1722.22412109375
2021-07-05,1717.4639892578125
2021-07-06,1730.1248779296875
2021-07-07,1695.23388671875
2021-07-08,1694.3504638671875
2021-07-09,1688.70703125
2021-07-12,1687.9710693359375
2021-07-13,1692.289306640625
2021-07-14,1678.647216796875
2021-07-15,1670.01025390625
2021-07-16,1663.925048828125
2021-07-19,1649.203125
2021-07-20,1640.4190673828125
2021-07-22,1674.213134765625
2021-07-23,1673.426025390625
2021-07-26,1694.9718017578125
2021-07-27,1701.0714111328125
2021-07-28,1695.6605224609375
2021-07-29,1711.008056640625
2021-07-30,1686.80615234375
2021-08-02,1742.8837890625
2021-08-03,1810.4228515625
2021-08-04,1770.479736328125
2021-08-05,1770.1846923828125
2021-08-06,1758.82177734375
2021-08-09,1770.037109375
2021-08-10,1770.0863037109375
2021-08-11,1760.445068359375
2021-08-12,1794.091552734375
2021-08-13,1808.16015625
2021-08-16,1807.4713134765625
2021-08-17,1844.11865234375
2021-08-18,1849.8741455078125
2021-08-20,1846.4306640625
2021-08-23,1840.0849609375
2021-08-24,1839.34716796875
2021-08-25,1793.1568603515625
2021-08-26,1785.974853515625
2021-08-27,1793.0584716796875
2021-08-30,1848.053955078125
2021-08-31,1890.5057373046875
2021-09-01,1908.017822265625
2021-09-02,1935.26953125
2021-09-03,1986.6248779296875
2021-09-06,1987.9530029296875
2021-09-07,2000.988525390625
2021-09-08,2022.681640625
2021-09-09,2001.3822021484375
2021-09-13,1997.7911376953125
2021-09-14,2022.435791015625
2021-09-15,2085.5478515625
2021-09-16,2074.577880859375
2021-09-17,2061.690185546875
2021-09-20,2043.7354736328125
2021-09-21,2052.09765625
2021-09-22,2047.375732421875
2021-09-23,2070.9873046875
2021-09-24,2059.03369140625
2021-09-27,2056.427001953125
2021-09-28,2094.844970703125
2021-09-29,2112.75048828125
2021-09-30,2126.8681640625
2021-10-01,2128.7373046875
2021-10-04,2120.42431640625
2021-10-05,2157.169921875
2021-10-06,2112.89794921875
2021-10-07,2336.913330078125
2021-10-08,2320.041015625
2021-10-11,2324.173095703125
2021-10-12,2452.266357421875
2021-10-13,2496.14453125
2021-10-14,2522.56005859375
2021-10-18,2546.909423828125
2021-10-19,2444.690673828125
2021-10-20,2372.3798828125
2021-10-21,2356.934326171875
2021-10-22,2372.97021484375
2021-10-25,2340.65185546875
2021-10-26,2415.028564453125
2021-10-27,2420.292236328125
2021-10-28,2336.71630859375
2021-10-29,2344.98046875
2021-11-01,2367.36279296875
2021-11-02,2414.2412109375
2021-11-03,2378.82373046875
2021-11-04,2392.40087890625
2021-11-08,2495.70166015625
2021-11-09,2471.450439453125
2021-11-10,2444.395751953125
2021-11-11,2487.191650390625
2021-11-12,2498.4072265625
2021-11-15,2498.308837890625
2021-11-16,2490.782470703125
2021-11-17,2458.906982421875
2021-11-18,2438.098876953125
2021-11-22,2352.60546875
2021-11-23,2349.0634765625
2021-11-24,2337.4052734375
2021-11-25,2359.0
2021-11-26,2255.207275390625
2021-11-29,2286.5908203125
2021-11-30,2337.06103515625
2021-12-01,2322.008056640625
2021-12-02,2347.8828125
2021-12-03,2330.912109375
2021-12-06,2287.67333984375
2021-12-07,2342.029541015625
2021-12-08,2366.624755859375
2021-12-09,2334.748779296875
2021-12-10,2301.496337890625
2021-12-13,2312.465576171875
2021-12-14,2316.7451171875
2021-12-15,2285.55810546875
2021-12-16,2319.106201171875
2021-12-17,2243.49951171875
2021-12-20,2203.1142578125
2021-12-21,2250.632568359375
2021-12-22,2262.53662109375
2021-12-23,2292.19873046875
2021-12-24,2281.917724609375
2021-12-27,2293.576171875
2021-12-28,2341.3408203125
2021-12-29,2363.279541015625
2021-12-30,2397.86083984375
2021-12-31,2481.583984375
2022-01-03,2483.010498046875
2022-01-04,2541.20361328125
2022-01-05,2534.4638671875
2022-01-06,2553.894287109375
2022-01-07,2531.06982421875
2022-01-10,2614.49755859375
2022-01-11,2610.414794921875
2022-01-12,2570.668701171875
2022-01-13,2576.866455078125
2022-01-14,2550.795654296875
2022-01-17,2555.517822265625
2022-01-18,2558.518798828125
2022-01-19,2547.0078125
2022-01-20,2522.805908203125
2022-01-21,2487.24072265625
2022-01-24,2364.1650390625
2022-01-25,2338.044921875
2022-01-27,2272.670166015625
2022-01-28,2278.13037109375
2022-01-31,2322.10693359375
2022-02-01,2392.449951171875
2022-02-02,2424.12890625
2022-02-03,2434.901611328125
2022-02-04,2431.163330078125
2022-02-07,2370.215576171875
2022-02-08,2404.10791015625
2022-02-09,2444.59228515625
2022-02-10,2451.528564453125
2022-02-11,2402.73095703125
2022-02-14,2359.19677734375
2022-02-15,2455.512451171875
2022-02-16,2447.78955078125
2022-02-17,2452.856201171875
2022-02-18,2448.675048828125
2022-02-21,2414.635009765625
2022-02-22,2410.4541015625
2022-02-23,2455.315673828125
2022-02-24,2367.657958984375
2022-02-25,2428.5068359375
2022-02-28,2505.343017578125
2022-03-02,2550.697021484375
2022-03-03,2532.59521484375
2022-03-04,2401.501220703125
2022-03-07,2351.031005859375
2022-03-08,2332.879638671875
2022-03-09,2394.27001953125
2022-03-10,2427.86767578125
2022-03-11,2453.250244140625
2022-03-14,2497.915283203125
2022-03-15,2515.574951171875
2022-03-16,2545.43359375
2022-03-17,2659.26171875
2022-03-21,2663.442626953125
2022-03-22,2668.853759765625
2022-03-23,2646.471923828125
2022-03-24,2576.128662109375
2022-03-25,2483.059326171875
2022-03-28,2494.865478515625
2022-03-29,2497.71875
2022-03-30,2482.321533203125
2022-03-31,2495.111328125
2022-04-01,2480.058837890625
2022-04-04,2476.271240234375
2022-04-05,2507.949951171875
2022-04-06,2498.9482421875
2022-04-07,2418.5703125
2022-04-08,2469.335205078125
2022-04-11,2449.560791015625
2022-04-12,2447.93701171875
2022-04-13,2421.52197265625
2022-04-18,2453.1025390625
2022-04-19,2412.91357421875
2022-04-20,2442.526123046875
2022-04-21,2480.20654296875
2022-04-22,2472.040771484375
2022-04-25,2414.1923828125
2022-04-26,2506.966552734375
2022-04-27,2452.020263671875
2022-04-28,2472.53271484375
2022-04-29,2418.422607421875
2022-05-02,2347.93212890625
2022-05-04,2252.8955078125
2022-05-05,2225.397705078125
2022-05-06,2173.00927734375
2022-05-09,2147.87255859375
2022-05-10,2102.764892578125
2022-05-11,2080.481201171875
2022-05-12,2015.401611328125
2022-05-13,2057.853271484375
2022-05-16,2075.46337890625
2022-05-17,2141.133544921875
2022-05-18,2131.68896484375
2022-05-19,2077.775634765625
2022-05-20,2102.469482421875
2022-05-23,2116.489013671875
2022-05-24,2105.61767578125
2022-05-25,2079.201904296875
2022-05-26,2107.2900390625
2022-05-27,2114.422607421875
2022-05-30,2219.396240234375
2022-05-31,2180.14208984375
2022-06-01,2162.03955078125
2022-06-02,2185.01171875
2022-06-03,2168.7294921875
2022-06-06,2162.974609375
2022-06-07,2066.80615234375
2022-06-08,2094.402099609375
2022-06-09,2105.076416015625
2022-06-10,2107.585205078125
2022-06-13,2068.380126953125
2022-06-14,2067.986572265625
2022-06-15,2070.9873046875
2022-06-16,2027.600830078125
2022-06-17,1905.115478515625
2022-06-20,1929.956787109375
2022-06-21,2044.4735107421875
2022-06-22,1998.332275390625
2022-06-23,2008.3671875
2022-06-24,2012.499267578125
2022-06-27,2007.284912109375
2022-06-28,1936.2042236328125
2022-06-29,1904.8203125
2022-06-30,1909.8377685546875
2022-07-01,1914.7076416015625
2022-07-04,1930.7440185546875
2022-07-05,1922.62744140625
2022-07-06,1980.968017578125
2022-07-07,2093.073974609375
2022-07-08,2117.114990234375
2022-07-11,2136.120361328125
2022-07-12,2102.947021484375
2022-07-13,2084.5830078125
2022-07-14,2100.429443359375
2022-07-15,2161.888427734375
2022-07-18,2209.0322265625
2022-07-19,2212.734619140625
2022-07-20,2242.353515625
2022-07-21,2259.53271484375
2022-07-22,2295.470458984375
2022-07-25,2299.271484375
2022-07-26,2264.073974609375
2022-07-27,2274.292724609375
2022-07-28,2304.997314453125
2022-07-29,2322.176513671875
2022-08-01,2346.0693359375
2022-08-02,2354.65869140625
2022-08-03,2385.709228515625
2022-08-04,2392.866943359375
2022-08-05,2401.901123046875
2022-08-08,2415.871337890625
2022-08-10,2402.69091796875
2022-08-11,2440.948974609375
2022-08-12,2440.5537109375
2022-08-16,2462.17578125
2022-08-17,2460.546630859375
2022-08-18,2447.21826171875
2022-08-19,2409.60205078125
2022-08-22,2386.89404296875
2022-08-23,2448.69921875
2022-08-24,2429.44677734375
2022-08-25,2435.12353515625
2022-08-26,2500.729736328125
2022-08-29,2499.544921875
2022-08-30,2571.568359375
2022-09-01,2588.697998046875
2022-09-02,2579.41748046875
2022-09-05,2593.97998046875
2022-09-06,2598.225341796875
2022-09-07,2604.248046875
2022-09-08,2593.33837890625
2022-09-09,2570.3837890625
2022-09-12,2627.350830078125
2022-09-13,2671.18701171875
2022-09-14,2666.2998046875
2022-09-15,2622.414306640625
2022-09-16,2578.627685546875
2022-09-19,2586.526123046875
2022-09-20,2649.910400390625
2022-09-21,2632.781005859375
2022-09-22,2702.829833984375
2022-09-23,2638.50732421875
2022-09-26,2621.7724609375
2022-09-27,2567.3232421875
2022-09-28,2544.22021484375
2022-09-29,2499.347412109375
2022-09-30,2573.83935546875
2022-10-03,2541.505126953125
2022-10-04,2552.266845703125
2022-10-06,2559.91845703125
2022-10-07,2695.820068359375
2022-10-10,2646.060302734375
2022-10-11,2591.16650390625
2022-10-12,2588.056640625
2022-10-13,2565.64453125
2022-10-14,2584.55126953125
2022-10-17,2591.659912109375
2022-10-18,2607.5556640625
2022-10-19,2610.961669921875
2022-10-20,2598.077392578125
2022-10-21,2631.79345703125
2022-10-24,2649.811767578125
2022-10-25,2636.384521484375
2022-10-27,2669.459228515625
2022-10-28,2701.64501953125
2022-10-31,2726.42626953125
2022-11-01,2719.959228515625
2022-11-02,2693.796142578125
2022-11-03,2728.548583984375
2022-11-04,2734.52197265625
2022-11-07,2706.729736328125
2022-11-09,2683.57763671875
2022-11-10,2607.456787109375
2022-11-11,2618.119873046875
2022-11-14,2596.399169921875
2022-11-15,2622.90771484375
2022-11-16,2610.714599609375
2022-11-17,2549.2060546875
2022-11-18,2533.2119140625
2022-11-21,2540.666015625
2022-11-22,2573.0986328125
2022-11-23,2568.705322265625
2022-11-24,2577.0478515625
2022-11-25,2562.435546875
2022-11-28,2559.325927734375
2022-11-29,2580.552978515625
2022-11-30,2619.304443359375
2022-12-01,2605.18603515625
2022-12-02,2584.650146484375
2022-12-05,2582.4287109375
2022-12-06,2583.76171875
2022-12-07,2563.86767578125
2022-12-08,2550.68701171875
2022-12-09,2582.231201171875
2022-12-12,2551.822265625
2022-12-13,2543.183349609375
2022-12-14,2558.190673828125
2022-12-15,2490.6591796875
2022-12-16,2451.3154296875
2022-12-19,2489.7705078125
2022-12-20,2476.2939453125
2022-12-21,2457.979736328125
2022-12-22,2451.463623046875
2022-12-23,2451.512939453125
2022-12-26,2449.587890625
2022-12-27,2471.752685546875
2022-12-28,2547.379638671875
2022-12-29,2520.8212890625
2022-12-30,2564.50927734375
2023-01-02,2533.16259765625
2023-01-03,2580.40478515625
2023-01-04,2564.558837890625
2023-01-05,2529.55859375
2023-01-06,2505.86376953125
2023-01-09,2453.092529296875
2023-01-10,2436.851318359375
2023-01-11,2406.442626953125
2023-01-12,2415.52587890625
2023-01-13,2386.499267578125
2023-01-16,2375.29345703125
2023-01-17,2377.366943359375
2023-01-18,2393.3115234375
2023-01-19,2354.757568359375
2023-01-20,2341.18212890625
2023-01-23,2334.665771484375
2023-01-24,2340.63916015625
2023-01-25,2326.669189453125
2023-01-27,2301.640869140625
2023-01-30,2305.885986328125
2023-01-31,2346.957763671875
2023-02-01,2316.10498046875
2023-02-02,2278.784912109375
2023-02-03,2431.81640625
2023-02-06,2426.78076171875
2023-02-07,2415.82177734375
2023-02-08,2435.419677734375
2023-02-09,2431.273193359375
2023-02-10,2437.1474609375
2023-02-13,2487.0556640625
2023-02-14,2475.0595703125
2023-02-15,2492.23876953125
2023-02-16,2490.363037109375
2023-02-17,2468.543701171875
2023-02-20,2442.725830078125
2023-02-21,2432.31005859375
2023-02-22,2400.6669921875
2023-02-23,2364.08740234375
2023-02-24,2368.629150390625
2023-02-27,2370.505126953125
2023-02-28,2342.6630859375
2023-03-01,2352.141357421875
2023-03-02,2328.989013671875
2023-03-03,2365.667236328125
2023-03-06,2372.924072265625
2023-03-08,2366.654541015625
2023-03-09,2338.1708984375
2023-03-10,2345.328857421875
2023-03-13,2302.38134765625
2023-03-14,2325.681884765625
2023-03-15,2368.629150390625
2023-03-16,2419.228271484375
2023-03-17,2424.4609375
2023-03-20,2428.70654296875
2023-03-21,2482.119140625
2023-03-22,2476.2939453125
2023-03-23,2487.0556640625
2023-03-24,2461.681884765625
2023-03-27,2462.718505859375
2023-03-28,2468.543701171875
2023-03-29,2483.106689453125
2023-03-31,2482.958251953125
2023-04-03,2505.17236328125
2023-04-05,2540.02392578125
2023-04-06,2516.082275390625
2023-04-10,2550.884521484375
2023-04-11,2547.28076171875
2023-04-12,2555.031005859375
2023-04-13,2552.809814453125
2023-04-17,2572.50634765625
2023-04-18,2544.960693359375
2023-04-19,2536.66748046875
2023-04-20,2546.490966796875
2023-04-21,2535.679931640625
2023-04-24,2596.152099609375
2023-04-25,2599.755859375
2023-04-26,2607.456787109375
2023-04-27,2629.62158203125
2023-04-28,2608.2958984375
2023-05-02,2630.0166015625
2023-05-03,2620.341064453125
2023-05-04,2636.4833984375
2023-05-05,2698.189208984375
2023-05-08,2716.306396484375
2023-05-09,2713.492431640625
2023-05-10,2710.579833984375
2023-05-11,2722.822509765625
2023-05-12,2737.9775390625
2023-05-15,2744.2470703125
2023-05-16,2754.811279296875
2023-05-17,2727.314697265625
2023-05-18,2687.27978515625
2023-05-19,2667.33642578125
2023-05-22,2678.097900390625
2023-05-23,2649.36767578125
2023-05-24,2672.865234375
2023-05-25,2673.556396484375
2023-05-26,2707.322021484375
2023-05-29,2776.53173828125
2023-05-30,2766.9052734375
2023-05-31,2787.39208984375
2023-06-01,2791.341064453125
2023-06-02,2825.30419921875
2023-06-05,2819.4296875
2023-06-06,2844.8525390625
2023-06-07,2870.029052734375
2023-06-08,2840.459228515625
2023-06-09,2839.71875
2023-06-12,2816.369384765625
2023-06-13,2875.50830078125
2023-06-14,2870.127685546875
2023-06-15,2871.065673828125
2023-06-16,2916.77734375
2023-06-19,2930.89599609375
2023-06-20,2936.227294921875
2023-06-21,2933.364013671875
2023-06-22,2932.525146484375
2023-06-23,2901.81982421875
2023-06-26,2934.84521484375
2023-06-27,2937.90576171875
2023-06-28,2989.640380859375
2023-06-30,3008.94189453125
2023-07-03,2999.710693359375
2023-07-04,3035.598876953125
2023-07-05,3060.47900390625
2023-07-06,3066.94580078125
2023-07-07,3104.068115234375
2023-07-10,3006.86865234375
2023-07-11,3048.384521484375
2023-07-12,3057.17138671875
2023-07-13,3055.43798828125
2023-07-14,3026.515625
2023-07-17,3004.625244140625
2023-07-18,2967.97705078125
2023-07-19,2967.1845703125
2023-07-20,2960.89501953125
2023-07-21,2948.018798828125
2023-07-24,2950.890869140625
2023-07-25,3000.2177734375
2023-07-26,2979.763916015625
2023-07-27,2973.5732421875
2023-07-28,2958.61669921875
2023-07-31,2975.505126953125
2023-08-01,2973.375244140625
2023-08-02,2948.8603515625
2023-08-03,2874.523681640625
2023-08-04,2876.801513671875
2023-08-07,2877.0
2023-08-08,2893.49169921875
2023-08-09,2927.812255859375
2023-08-10,2960.152099609375
2023-08-11,2988.579345703125
2023-08-14,2982.042236328125
2023-08-16,2982.488037109375
2023-08-17,3042.5615234375
2023-08-18,3021.4638671875
2023-08-21,3049.04931640625
2023-08-22,3046.375244140625
2023-08-23,3040.828369140625
2023-08-24,3032.11181640625
2023-08-25,3038.0546875
2023-08-28,3019.58203125
2023-08-29,3050.138916015625
2023-08-30,3052.912109375
2023-08-31,3074.950927734375
2023-09-01,3087.18359375
2023-09-04,3070.840576171875
2023-09-05,3106.349365234375
2023-09-06,3145.87060546875
2023-09-07,3142.651123046875
2023-09-08,3168.701416015625
2023-09-11,3182.7666015625
2023-09-12,3155.52783203125
2023-09-13,3232.192138671875
2023-09-14,3230.360107421875
2023-09-15,3217.731201171875
2023-09-18,3307.76708984375
2023-09-20,3275.229248046875
2023-09-21,3273.099853515625
2023-09-22,3243.385009765625
2023-09-25,3252.7451171875
2023-09-26,3231.597900390625
2023-09-27,3184.004638671875
2023-09-28,3127.249267578125
2023-09-29,3118.87939453125
2023-10-03,3165.87841796875
2023-10-04,3136.559814453125
2023-10-05,3185.93603515625
2023-10-06,3278.300048828125
2023-10-09,3236.451416015625
2023-10-10,3238.135498046875
2023-10-11,3249.328125
2023-10-12,3253.78515625
2023-10-13,3252.546875
2023-10-16,3270.029296875
2023-10-17,3277.012451171875
2023-10-18,3251.556640625
2023-10-19,3253.438232421875
2023-10-20,3235.16357421875
2023-10-23,3189.155029296875
2023-10-25,3157.55859375
2023-10-26,3071.33544921875
2023-10-27,3091.04638671875
2023-10-30,3086.836669921875
2023-10-31,3159.34130859375
2023-11-01,3143.245361328125
2023-11-02,3171.07861328125
2023-11-03,3243.385009765625
2023-11-06,3236.005859375
2023-11-07,3239.125732421875
2023-11-08,3280.380126953125
2023-11-09,3252.546875
2023-11-10,3225.407470703125
2023-11-13,3233.727783203125
2023-11-15,3264.631103515625
2023-11-16,3304.2509765625
2023-11-17,3307.12353515625
2023-11-20,3314.05712890625
2023-11-21,3362.195068359375
2023-11-22,3397.259033203125
2023-11-23,3376.012451171875
2023-11-24,3364.671630859375
2023-11-28,3409.689453125
2023-11-29,3396.7138671875
2023-11-30,3457.431640625
2023-12-01,3456.342041015625
2023-12-04,3455.25244140625
2023-12-05,3511.611572265625
2023-12-06,3513.196533203125
2023-12-07,3551.33056640625
2023-12-08,3600.112548828125
2023-12-11,3596.002197265625
2023-12-12,3537.4638671875
2023-12-13,3568.119873046875
2023-12-14,3557.273681640625
2023-12-15,3566.3369140625
2023-12-18,3585.205810546875
2023-12-19,3576.142578125
2023-12-20,3520.328125
2023-12-21,3545.98193359375
2023-12-22,3592.882080078125
2023-12-26,3621.953125
2023-12-27,3654.19384765625
2023-12-28,3679.798583984375
2023-12-29,3640.525146484375
